<?xml version="1.0" encoding="UTF-8"?>
<CICSConfiguration version="1">
  <resources>
    <transaction>
      <name>CDLI</name>
      <group>IMSGRP</group>
      <description>CBLTDLI CICS/IMS test program</description>
      <program>CDLIDEMO</program>
      <twasize>0</twasize>
      <status>ENABLED</status>
      <dynamic>NO</dynamic>
      <priority>0</priority>
      <spurge>NO</spurge>
      <tranclass>DFHTCL00</tranclass>
      <dtimout>0</dtimout>
      <indoubt>BACKOUT</indoubt>
      <dump>NO</dump>
      <trace>YES</trace>
      <ressec>NO</ressec>
      <cmdsec>NO</cmdsec>
      <transec>01</transec>
      <runaway>SYSTEM</runaway>
      <_screen>DEFAULT</_screen>
      <_uctran>NO</_uctran>
      <_inboundtp>YES</_inboundtp>
      <_rtimeout>SYSTEM</_rtimeout>
      <_timethold>SYSTEM</_timethold>
    </transaction>
    <transaction>
      <name>EDLI</name>
      <group>IMSGRP</group>
      <description>EXECDLI CICS/IMS test program</description>
      <program>EXECDEMO</program>
      <twasize>0</twasize>
      <status>ENABLED</status>
      <dynamic>NO</dynamic>
      <priority>0</priority>
      <spurge>NO</spurge>
      <tranclass>DFHTCL00</tranclass>
      <dtimout>0</dtimout>
      <indoubt>BACKOUT</indoubt>
      <dump>NO</dump>
      <trace>YES</trace>
      <ressec>NO</ressec>
      <cmdsec>NO</cmdsec>
      <transec>01</transec>
      <runaway>SYSTEM</runaway>
      <_screen>DEFAULT</_screen>
      <_uctran>NO</_uctran>
      <_inboundtp>YES</_inboundtp>
      <_rtimeout>SYSTEM</_rtimeout>
      <_timethold>SYSTEM</_timethold>
    </transaction>
    <terminal>
      <name>MLU1</name>
      <group>IMSGRP</group>
      <description>Example LU1 Printer Model</description>
      <autinstmodel>ONLY</autinstmodel>
      <autinstname>TN32871</autinstname>
      <typeterm>LU1PRINT</typeterm>
      <printercopy>NO</printercopy>
      <altprintcopy>NO</altprintcopy>
      <operpriority>0</operpriority>
      <transaction>/IMS</transaction>
      <termpriority>0</termpriority>
      <inservice>YES</inservice>
      <attachsec>LOCAL</attachsec>
    </terminal>
    <transaction>
      <name>AAC0</name>
      <group>MCOASM</group>
      <description>MCOASM IVP Transaction Code</description>
      <program>ASMACCT0</program>
      <twasize>0</twasize>
      <status>ENABLED</status>
      <dynamic>NO</dynamic>
      <priority>0</priority>
      <spurge>NO</spurge>
      <tranclass>DFHTCL00</tranclass>
      <dtimout>0</dtimout>
      <indoubt>BACKOUT</indoubt>
      <dump>NO</dump>
      <trace>YES</trace>
      <ressec>NO</ressec>
      <cmdsec>NO</cmdsec>
      <transec>01</transec>
      <runaway>SYSTEM</runaway>
      <_screen>DEFAULT</_screen>
      <_uctran>NO</_uctran>
      <_inboundtp>YES</_inboundtp>
      <_rtimeout>SYSTEM</_rtimeout>
      <_timethold>SYSTEM</_timethold>
    </transaction>
    <transaction>
      <name>AAC1</name>
      <group>MCOASM</group>
      <description>MCOASM IVP Internal TRANID</description>
      <program>ASMACCT1</program>
      <twasize>0</twasize>
      <status>ENABLED</status>
      <dynamic>NO</dynamic>
      <priority>0</priority>
      <spurge>NO</spurge>
      <tranclass>DFHTCL00</tranclass>
      <dtimout>0</dtimout>
      <indoubt>BACKOUT</indoubt>
      <dump>NO</dump>
      <trace>YES</trace>
      <ressec>NO</ressec>
      <cmdsec>NO</cmdsec>
      <transec>01</transec>
      <runaway>SYSTEM</runaway>
      <_screen>DEFAULT</_screen>
      <_uctran>NO</_uctran>
      <_inboundtp>YES</_inboundtp>
      <_rtimeout>SYSTEM</_rtimeout>
      <_timethold>SYSTEM</_timethold>
    </transaction>
    <transaction>
      <name>AAC2</name>
      <group>MCOASM</group>
      <description>MCOASM IVP Internal TRANID</description>
      <program>ASMACCT2</program>
      <twasize>0</twasize>
      <status>ENABLED</status>
      <dynamic>NO</dynamic>
      <priority>0</priority>
      <spurge>NO</spurge>
      <tranclass>DFHTCL00</tranclass>
      <dtimout>0</dtimout>
      <indoubt>BACKOUT</indoubt>
      <dump>NO</dump>
      <trace>YES</trace>
      <ressec>NO</ressec>
      <cmdsec>NO</cmdsec>
      <transec>01</transec>
      <runaway>SYSTEM</runaway>
      <_screen>DEFAULT</_screen>
      <_uctran>NO</_uctran>
      <_inboundtp>YES</_inboundtp>
      <_rtimeout>SYSTEM</_rtimeout>
      <_timethold>SYSTEM</_timethold>
    </transaction>
    <transaction>
      <name>AAC3</name>
      <group>MCOASM</group>
      <description>MCOASM IVP Internal TRANID</description>
      <program>ASMACCT3</program>
      <twasize>0</twasize>
      <status>ENABLED</status>
      <dynamic>NO</dynamic>
      <priority>0</priority>
      <spurge>NO</spurge>
      <tranclass>DFHTCL00</tranclass>
      <dtimout>0</dtimout>
      <indoubt>BACKOUT</indoubt>
      <dump>NO</dump>
      <trace>YES</trace>
      <ressec>NO</ressec>
      <cmdsec>NO</cmdsec>
      <transec>01</transec>
      <runaway>SYSTEM</runaway>
      <_screen>DEFAULT</_screen>
      <_uctran>NO</_uctran>
      <_inboundtp>YES</_inboundtp>
      <_rtimeout>SYSTEM</_rtimeout>
      <_timethold>SYSTEM</_timethold>
    </transaction>
    <transaction>
      <name>AAC4</name>
      <group>MCOASM</group>
      <description>MCOASM IVP Internal TRANID</description>
      <program>ASMACCT4</program>
      <twasize>0</twasize>
      <status>ENABLED</status>
      <dynamic>NO</dynamic>
      <priority>0</priority>
      <spurge>NO</spurge>
      <tranclass>DFHTCL00</tranclass>
      <dtimout>0</dtimout>
      <indoubt>BACKOUT</indoubt>
      <dump>NO</dump>
      <trace>YES</trace>
      <ressec>NO</ressec>
      <cmdsec>NO</cmdsec>
      <transec>01</transec>
      <runaway>SYSTEM</runaway>
      <_screen>DEFAULT</_screen>
      <_uctran>NO</_uctran>
      <_inboundtp>YES</_inboundtp>
      <_rtimeout>SYSTEM</_rtimeout>
      <_timethold>SYSTEM</_timethold>
    </transaction>
    <transaction>
      <name>AAC5</name>
      <group>MCOASM</group>
      <description>MCOASM IVP Internal TRANID</description>
      <program>ASMACCT3</program>
      <twasize>0</twasize>
      <status>ENABLED</status>
      <dynamic>NO</dynamic>
      <priority>0</priority>
      <spurge>NO</spurge>
      <tranclass>DFHTCL00</tranclass>
      <dtimout>0</dtimout>
      <indoubt>BACKOUT</indoubt>
      <dump>NO</dump>
      <trace>YES</trace>
      <ressec>NO</ressec>
      <cmdsec>NO</cmdsec>
      <transec>01</transec>
      <runaway>SYSTEM</runaway>
      <_screen>DEFAULT</_screen>
      <_uctran>NO</_uctran>
      <_inboundtp>YES</_inboundtp>
      <_rtimeout>SYSTEM</_rtimeout>
      <_timethold>SYSTEM</_timethold>
    </transaction>
    <transaction>
      <name>AAC6</name>
      <group>MCOASM</group>
      <description>MCOASM IVP Internal TRANID</description>
      <program>ASMACCT3</program>
      <twasize>0</twasize>
      <status>ENABLED</status>
      <dynamic>NO</dynamic>
      <priority>0</priority>
      <spurge>NO</spurge>
      <tranclass>DFHTCL00</tranclass>
      <dtimout>0</dtimout>
      <indoubt>BACKOUT</indoubt>
      <dump>NO</dump>
      <trace>YES</trace>
      <ressec>NO</ressec>
      <cmdsec>NO</cmdsec>
      <transec>01</transec>
      <runaway>SYSTEM</runaway>
      <_screen>DEFAULT</_screen>
      <_uctran>NO</_uctran>
      <_inboundtp>YES</_inboundtp>
      <_rtimeout>SYSTEM</_rtimeout>
      <_timethold>SYSTEM</_timethold>
    </transaction>
    <transaction>
      <name>AACG</name>
      <group>MCOASM</group>
      <description>MCOASM IVP Internal TRANID</description>
      <program>ASMACCT3</program>
      <twasize>0</twasize>
      <status>ENABLED</status>
      <dynamic>NO</dynamic>
      <priority>0</priority>
      <spurge>NO</spurge>
      <tranclass>DFHTCL00</tranclass>
      <dtimout>0</dtimout>
      <indoubt>BACKOUT</indoubt>
      <dump>NO</dump>
      <trace>YES</trace>
      <ressec>NO</ressec>
      <cmdsec>NO</cmdsec>
      <transec>01</transec>
      <runaway>SYSTEM</runaway>
      <_screen>DEFAULT</_screen>
      <_uctran>NO</_uctran>
      <_inboundtp>YES</_inboundtp>
      <_rtimeout>SYSTEM</_rtimeout>
      <_timethold>SYSTEM</_timethold>
    </transaction>
    <transaction>
      <name>AACL</name>
      <group>MCOASM</group>
      <description>MCOASM IVP Internal TRANID</description>
      <program>ASMACCT3</program>
      <twasize>0</twasize>
      <status>ENABLED</status>
      <dynamic>NO</dynamic>
      <priority>0</priority>
      <spurge>NO</spurge>
      <tranclass>DFHTCL00</tranclass>
      <dtimout>0</dtimout>
      <indoubt>BACKOUT</indoubt>
      <dump>NO</dump>
      <trace>YES</trace>
      <ressec>NO</ressec>
      <cmdsec>NO</cmdsec>
      <transec>01</transec>
      <runaway>SYSTEM</runaway>
      <_screen>DEFAULT</_screen>
      <_uctran>NO</_uctran>
      <_inboundtp>YES</_inboundtp>
      <_rtimeout>SYSTEM</_rtimeout>
      <_timethold>SYSTEM</_timethold>
    </transaction>
    <transaction>
      <name>AACT</name>
      <group>MCOASM</group>
      <description>MCOASM IVP Internal TRANID</description>
      <program>ASMACCT0</program>
      <twasize>0</twasize>
      <status>ENABLED</status>
      <dynamic>NO</dynamic>
      <priority>0</priority>
      <spurge>NO</spurge>
      <tranclass>DFHTCL00</tranclass>
      <dtimout>0</dtimout>
      <indoubt>BACKOUT</indoubt>
      <dump>NO</dump>
      <trace>YES</trace>
      <ressec>NO</ressec>
      <cmdsec>NO</cmdsec>
      <transec>01</transec>
      <runaway>SYSTEM</runaway>
      <_screen>DEFAULT</_screen>
      <_uctran>NO</_uctran>
      <_inboundtp>YES</_inboundtp>
      <_rtimeout>SYSTEM</_rtimeout>
      <_timethold>SYSTEM</_timethold>
    </transaction>
    <transaction>
      <name>ASM</name>
      <group>MCOASM</group>
      <description>MCOASM Sample Transaction Code</description>
      <program>MCOASM</program>
      <twasize>0</twasize>
      <status>ENABLED</status>
      <dynamic>NO</dynamic>
      <priority>0</priority>
      <spurge>NO</spurge>
      <tranclass>DFHTCL00</tranclass>
      <dtimout>0</dtimout>
      <indoubt>BACKOUT</indoubt>
      <dump>NO</dump>
      <trace>YES</trace>
      <ressec>NO</ressec>
      <cmdsec>NO</cmdsec>
      <transec>01</transec>
      <runaway>SYSTEM</runaway>
      <_screen>DEFAULT</_screen>
      <_uctran>NO</_uctran>
      <_inboundtp>YES</_inboundtp>
      <_rtimeout>SYSTEM</_rtimeout>
      <_timethold>SYSTEM</_timethold>
    </transaction>
    <transaction>
      <name>ASMN</name>
      <group>MCOASM</group>
      <description>MCOASM Sample Transaction Code</description>
      <program>MCOASMNO</program>
      <twasize>0</twasize>
      <status>ENABLED</status>
      <dynamic>NO</dynamic>
      <priority>0</priority>
      <spurge>NO</spurge>
      <tranclass>DFHTCL00</tranclass>
      <dtimout>0</dtimout>
      <indoubt>BACKOUT</indoubt>
      <dump>NO</dump>
      <trace>YES</trace>
      <ressec>NO</ressec>
      <cmdsec>NO</cmdsec>
      <transec>01</transec>
      <runaway>SYSTEM</runaway>
      <_screen>DEFAULT</_screen>
      <_uctran>NO</_uctran>
      <_inboundtp>YES</_inboundtp>
      <_rtimeout>SYSTEM</_rtimeout>
      <_timethold>SYSTEM</_timethold>
    </transaction>
    <transaction>
      <name>KDLL</name>
      <group>MCOASM</group>
      <description>Cancel CICS Assembler Program</description>
      <program>MC370KDL</program>
      <twasize>0</twasize>
      <status>ENABLED</status>
      <dynamic>NO</dynamic>
      <priority>0</priority>
      <spurge>NO</spurge>
      <tranclass>DFHTCL00</tranclass>
      <dtimout>0</dtimout>
      <indoubt>BACKOUT</indoubt>
      <dump>NO</dump>
      <trace>YES</trace>
      <ressec>NO</ressec>
      <cmdsec>NO</cmdsec>
      <transec>01</transec>
      <runaway>SYSTEM</runaway>
      <_screen>DEFAULT</_screen>
      <_uctran>NO</_uctran>
      <_inboundtp>YES</_inboundtp>
      <_rtimeout>SYSTEM</_rtimeout>
      <_timethold>SYSTEM</_timethold>
    </transaction>
    <file>
      <name>AACTFIL</name>
      <group>MCOASM</group>
      <description>MCOASM IVP File base cluster</description>
      <status>ENABLED</status>
      <opentime>FIRSTREF</opentime>
      <recordformat>F</recordformat>
      <add>YES</add>
      <browse>YES</browse>
      <_exclusive>YES</_exclusive>
      <delete>YES</delete>
      <read>YES</read>
      <update>YES</update>
      <recovery>BACKOUTONLY</recovery>
      <_filetype>KSDS</_filetype>
      <_maxreclen>383</_maxreclen>
      <_minreclen>63</_minreclen>
      <_keyposition>1</_keyposition>
      <_keylength>5</_keylength>
      <_startempty>NO</_startempty>
      <_dupkey>NO</_dupkey>
      <_usecatalog>NO</_usecatalog>
      <_collseq>ASCII</_collseq>
    </file>
    <file>
      <name>AACTIX</name>
      <group>MCOASM</group>
      <description>MCOASM IVP Filen alt index</description>
      <status>ENABLED</status>
      <opentime>FIRSTREF</opentime>
      <recordformat>F</recordformat>
      <add>YES</add>
      <browse>YES</browse>
      <_exclusive>YES</_exclusive>
      <delete>YES</delete>
      <read>YES</read>
      <update>YES</update>
      <recovery>BACKOUTONLY</recovery>
      <_filetype>ALTINDEX</_filetype>
      <_basefile>AACTFIL</_basefile>
      <_keyposition>6</_keyposition>
      <_keylength>12</_keylength>
      <_startempty>NO</_startempty>
      <_dupkey>YES</_dupkey>
      <_usecatalog>NO</_usecatalog>
      <_collseq>ASCII</_collseq>
    </file>
    <program>
      <name>ASMACCT4</name>
      <group>MCOASM</group>
      <description>MCOASM IVP program</description>
      <language>COBOL</language>
      <resident>NO</resident>
      <status>ENABLED</status>
      <_moduletype>PROGRAM</_moduletype>
      <_wssavestate>NO</_wssavestate>
      <_maxcommarea>0</_maxcommarea>
    </program>
    <transaction>
      <name>CMAP</name>
      <group>MCOGROUP</group>
      <description>Micro Focus map test</description>
      <program>dfhzcmap</program>
      <twasize>0</twasize>
      <status>ENABLED</status>
      <dynamic>NO</dynamic>
      <priority>0</priority>
      <spurge>NO</spurge>
      <tranclass>DFHTCL00</tranclass>
      <dtimout>0</dtimout>
      <indoubt>BACKOUT</indoubt>
      <dump>NO</dump>
      <trace>YES</trace>
      <ressec>NO</ressec>
      <cmdsec>NO</cmdsec>
      <transec>01</transec>
      <runaway>SYSTEM</runaway>
      <_screen>DEFAULT</_screen>
      <_uctran>NO</_uctran>
      <_inboundtp>YES</_inboundtp>
      <_rtimeout>SYSTEM</_rtimeout>
      <_timethold>SYSTEM</_timethold>
    </transaction>
  </resources>
</CICSConfiguration>
